{
  "states": [
    "AR",
    "LA",
    "MS",
    "TX"
  ],
  "fuels": [
    "Battery Storage",
    "Gas",
    "Hybrid",
    "Solar",
    "Wind"
  ],
  "study_groups": [],
  "mw_range": [
    38.8,
    600.0
  ],
  "cost_range": [
    2.635195353625373,
    1147.510924391827
  ],
  "cpkw_range": [
    13.175976768126866,
    2550.0242764262825
  ]
}